experiment,window,country,MAPE (%),MAE,RMSE,R2
window_lengths,5,Argentina,8.439104749532317,100945.45,113975.57644016875,-0.20443673350294134
window_lengths,5,Bolivia (Plurinational State of),12.263888388956708,77024.1145,92860.15262691742,-0.7718723135950079
window_lengths,5,Brazil,12.281803671758471,1305033.2,1399743.4552322794,-6.714508915049436
window_lengths,5,Chile,12.843905227602297,15908.746249999997,17042.26982948906,0.6869662754254282
window_lengths,5,Colombia,10.26487938936809,302840.15,344424.70130615996,-2.3033174680728448
window_lengths,5,Ecuador,10.26862757193783,102290.0,139479.35449886034,0.17507700282648153
window_lengths,5,Guyana,7.202736676971232,69374.275,76575.76642351311,-0.04486001138478568
window_lengths,5,Paraguay,16.41196262393795,183618.025,205784.28817366165,-3.9060663073852826
window_lengths,5,Peru,1.3340794608550512,44717.337999999894,62807.635117992504,0.7030578847596651
window_lengths,5,Suriname,19.880269567465056,40173.264,52762.207391593234,-1.2524706447729947
window_lengths,5,Uruguay,4.9944097350056476,61786.625,76608.57907842714,0.11628531028225253
window_lengths,5,Venezuela (Bolivarian Republic of),17.492650901021847,121001.65149999999,125216.59388272764,-1.3904498975759183
window_lengths,10,Argentina,8.942685155893567,109623.35,113659.19189021846,-0.19775922790441447
window_lengths,10,Bolivia (Plurinational State of),10.844296946569045,69446.23325,89675.45391993174,-0.6524213711316444
window_lengths,10,Brazil,4.289062129913462,461812.4,482416.00159281614,0.08366388446300743
window_lengths,10,Chile,12.262070367824766,14090.122812499996,17523.053904918517,0.6690549816327859
window_lengths,10,Colombia,7.446181032900786,222384.35,273086.01613683463,-1.0766373303892545
window_lengths,10,Ecuador,7.5414230711834,76778.925,100309.60981629265,0.5733432355450846
window_lengths,10,Guyana,4.741300994981095,45609.0875,50071.214993192756,0.5532632674121006
window_lengths,10,Paraguay,26.998342297121113,291203.025,295471.60163554107,-9.114408278821449
window_lengths,10,Peru,2.446654360979348,84103.61199999992,92666.07095564906,0.35361925043666087
window_lengths,10,Suriname,10.791688993022849,21721.857750000003,29273.9195969966,0.3066141450880626
window_lengths,10,Uruguay,8.873780259736966,110221.525,131348.9503642516,-1.597828476024457
window_lengths,10,Venezuela (Bolivarian Republic of),19.188457643958255,134091.43600000002,145883.28600412767,-2.244643212806837
window_lengths,15,Argentina,4.699222603654623,57836.6,60676.04790777206,0.6586538814978908
window_lengths,15,Bolivia (Plurinational State of),23.774859681010614,146346.38325,162185.17868943507,-4.4050032957936205
window_lengths,15,Brazil,3.040290688765151,320451.0,384654.65616602125,0.41742293684301235
window_lengths,15,Chile,4.273161549388385,4913.749062500004,6212.296172447163,0.9584050545096408
window_lengths,15,Colombia,6.643205829949358,199519.3,254445.10590695197,-0.8028099105582034
window_lengths,15,Ecuador,9.986554260453143,96446.85,144309.94678321728,0.11694839049109018
window_lengths,15,Guyana,3.851700793563966,38323.825,39999.36624001842,0.7149102360013773
window_lengths,15,Paraguay,18.223250296398902,200055.7625,209904.54714783642,-4.104493807982762
window_lengths,15,Peru,2.8306554102182786,97920.76199999992,116226.30370176917,-0.01684736577151491
window_lengths,15,Suriname,3.8788364713537264,9109.160999999998,9912.84145477902,0.9204922347520723
window_lengths,15,Uruguay,1.535050035575521,20341.55,22736.969871362588,0.9221564860277561
window_lengths,15,Venezuela (Bolivarian Republic of),9.353309926212898,60343.30149999999,63356.70272982625,0.3880146753380821
sa_no_climate,,Argentina,3.5780029720796818,48408.916666666664,59140.677741544074,0.7765012438079288
sa_no_climate,,Bolivia (Plurinational State of),24.89959929033044,158024.02416666667,167344.78118862238,-6.521562174482914
sa_no_climate,,Brazil,9.523388390729522,1006785.0,1156419.52330761,-3.131439936454978
sa_no_climate,,Chile,6.634386283895457,7898.535937500002,8479.49394466737,0.8154358326734097
sa_no_climate,,Colombia,0.6512647799587578,18752.833333333332,20082.72009091398,0.9877806119823727
sa_no_climate,,Ecuador,4.390983413498379,55953.375,60621.66942367672,-0.9504366890648883
sa_no_climate,,Guyana,4.7265914445357184,42489.520833333336,47450.878809271126,0.25897623161181405
sa_no_climate,,Paraguay,11.916177392251818,118596.875,132939.40070442262,-0.9135922115876696
sa_no_climate,,Peru,2.4671365083265373,86265.25999999994,106247.44831226699,-1.3002933853148098
sa_no_climate,,Suriname,1.4033204399636396,2957.3568749999977,3955.201227563114,0.9863994803861562
sa_no_climate,,Uruguay,1.3120790923323662,17687.833333333332,18458.930600288037,0.7565414673175443
sa_no_climate,,Venezuela (Bolivarian Republic of),3.362833072828363,24300.689999999984,27482.2268068604,-30.354497421049476
sa_climate,,Argentina,7.3931942612908,96825.0,119258.30129181957,0.09117606914005061
sa_climate,,Bolivia (Plurinational State of),20.302583023184276,132410.69083333333,157338.86950497236,-5.648991145353379
sa_climate,,Brazil,3.465494077817979,381374.3333333333,391148.82231745677,0.5273336695847237
sa_climate,,Chile,30.75803294298299,34541.78697916667,38003.464776846384,-2.7072673388148965
sa_climate,,Colombia,5.8132128048001785,167224.58333333334,171960.3873188653,0.10409653840295396
sa_climate,,Ecuador,7.227352670009584,88972.25,104019.13662524034,-4.742520619468214
sa_climate,,Guyana,7.040909391700846,64070.395833333336,68212.53251788784,-0.5313411944471929
sa_climate,,Paraguay,7.312928291684813,77063.95833333333,82302.69463683662,0.2665507472546882
sa_climate,,Peru,5.240703037455154,182183.9266666666,197484.41882639626,-6.947158701847826
sa_climate,,Suriname,18.181726569524912,35205.36708333334,42159.20353388563,-0.5452655716304071
sa_climate,,Uruguay,10.718373665827317,146840.70833333334,153033.87035679456,-15.73351010622644
sa_climate,,Venezuela (Bolivarian Republic of),6.709743221348415,48686.835833333316,59464.49427760457,-145.7950679882579
top_producers,,Bangladesh,4.43325816584979,2557281.6666666665,2692323.2051010644,-7.52694840551491
top_producers,,Cambodia,11.156441986192185,1385626.6666666667,1480539.1410789066,-7.057775814049995
top_producers,,China,1.4202676462082031,2980417.976666669,3214635.3947264613,-0.47642440954604215
top_producers,,India,9.752465845385466,19781757.333333332,20486622.28749392,-13.786679124101559
top_producers,,Indonesia,0.37506479646521956,204419.43333333233,249343.99890543002,0.371121403012594
top_producers,,Myanmar,2.3358109429854483,624607.3333333334,658187.6654298529,0.5637927154105924
top_producers,,Pakistan,12.861737590045887,1789402.6666666667,1987635.1136582724,-0.46469531307245404
top_producers,,Philippines,3.6519167045397545,728336.8133333338,736923.2737051806,-33.10297946442641
top_producers,,Thailand,4.3641765466598725,1452415.3333333333,1480653.2293928019,-25.469891796826236
top_producers,,Viet Nam,1.20967407626291,525619.7966666669,552636.1794550621,-0.22321651702446443
