Area,Year,Area harvested (ha),Production (t),Yield (kg/ha),razão de produção/area
Argentina,2004,169178.0,1060083.0,6266.1,6266.080696071593
Bolivia (Plurinational State of),2004,152193.0,331336.0,2177.1,2177.077789385846
Brazil,2004,3733148.0,13277008.0,3556.5,3556.5179842856483
Chile,2004,24900.0,119265.0,4789.8,4789.759036144578
Colombia,2004,519736.0,2496720.0,4803.8,4803.823479612727
Ecuador,2004,421548.0,1778380.0,4218.7,4218.689212141915
Guyana,2004,115700.0,500911.0,4329.4,4329.394987035436
Paraguay,2004,31000.0,125000.0,4032.3,4032.258064516129
Peru,2004,286468.0,1844896.0,6440.1,6440.146892497592
Suriname,2004,49020.0,174490.0,3559.6,3559.5675234598125
Uruguay,2004,186465.0,1262600.0,6771.2,6771.243933177808
Venezuela (Bolivarian Republic of),2004,198780.0,974091.0,4900.3,4900.34711741624
Argentina,2005,158938.0,956253.0,6016.5,6016.515874114434
Bolivia (Plurinational State of),2005,188382.0,479246.0,2544.0,2544.011635931246
Brazil,2005,3915855.0,13192863.0,3369.1,3369.0887430714365
Chile,2005,25030.0,116832.0,4667.7,4667.67878545745
Colombia,2005,456005.0,2206512.0,4838.8,4838.789048365697
Ecuador,2005,377300.0,1471064.0,3898.9,3898.9239332096477
Guyana,2005,106700.0,420365.0,3939.7,3939.6907216494847
Paraguay,2005,33500.0,102000.0,3044.8,3044.776119402985
Peru,2005,357883.0,2468357.0,6897.1,6897.106037447993
Suriname,2005,45563.0,163955.0,3598.4,3598.424159954349
Uruguay,2005,184000.0,1214500.0,6600.5,6600.543478260869
Venezuela (Bolivarian Republic of),2005,215979.0,1004518.0,4651.0,4650.998476703753
Argentina,2006,169025.0,1193492.0,7061.0,7061.038307942612
Bolivia (Plurinational State of),2006,168399.0,446462.0,2651.2,2651.215268499219
Brazil,2006,2970918.0,11526685.0,3879.8,3879.8394974213356
Chile,2006,27980.0,160315.0,5729.6,5729.628305932809
Colombia,2006,429911.0,1965414.0,4571.7,4571.676463267979
Ecuador,2006,357558.0,1501238.0,4198.6,4198.585963675823
Guyana,2006,102100.0,472363.0,4626.5,4626.474045053869
Paraguay,2006,42000.0,126000.0,3000.0,3000.0
Peru,2006,343691.0,2362260.0,6873.2,6873.208783471199
Suriname,2006,44232.0,182659.0,4129.6,4129.566829444746
Uruguay,2006,177300.0,1292400.0,7289.3,7289.340101522843
Venezuela (Bolivarian Republic of),2006,226829.0,1122870.0,4950.3,4950.292951959405
Argentina,2007,164635.0,1080070.0,6560.4,6560.391168342089
Bolivia (Plurinational State of),2007,170005.0,352104.0,2071.1,2071.1390841445836
Brazil,2007,2890926.0,11060741.0,3826.0,3826.020105668564
Chile,2007,21765.0,110268.0,5066.3,5066.299104066161
Colombia,2007,431898.0,2117165.0,4902.0,4902.002324622943
Ecuador,2007,398151.0,1734135.0,4355.5,4355.470663140366
Guyana,2007,105900.0,458653.0,4331.0,4331.000944287063
Paraguay,2007,42000.0,130000.0,3095.2,3095.2380952380954
Peru,2007,337639.0,2256000.0,6681.7,6681.69257698311
Suriname,2007,42087.0,179012.0,4253.4,4253.379903533158
Uruguay,2007,145400.0,1145700.0,7879.6,7879.642365887208
Venezuela (Bolivarian Republic of),2007,208825.0,1054857.0,5051.4,5051.392314138633
Argentina,2008,182460.0,1245800.0,6827.8,6827.797873506522
Bolivia (Plurinational State of),2008,155401.0,337800.0,2173.7,2173.731185771005
Brazil,2008,2850678.0,12061465.0,4231.1,4231.086429263494
Chile,2008,20960.0,121400.0,5792.0,5791.984732824427
Colombia,2008,493554.0,2412852.0,4888.7,4888.729500723324
Ecuador,2008,354841.0,1442052.0,4063.9,4063.938496396978
Guyana,2008,119800.0,507036.0,4232.4,4232.353923205343
Paraguay,2008,33870.0,144692.0,4272.0,4271.981104222025
Peru,2008,379783.0,2775800.0,7308.9,7308.91061474579
Suriname,2008,43654.0,182877.0,4189.2,4189.238099601411
Uruguay,2008,168377.0,1330000.0,7898.9,7898.941066772778
Venezuela (Bolivarian Republic of),2008,216437.0,1092268.0,5046.6,5046.586304559756
Argentina,2009,193800.0,1334155.0,6884.2,6884.184726522188
Bolivia (Plurinational State of),2009,186804.0,410994.0,2200.1,2200.13490075159
Brazil,2009,2872036.0,12651144.0,4404.9,4404.939213853865
Chile,2009,23680.0,127311.0,5376.3,5376.309121621622
Colombia,2009,528138.0,2479921.0,4695.6,4695.592818543639
Ecuador,2009,394813.0,1579406.0,4000.4,4000.3900580781283
Guyana,2009,124800.0,553522.0,4435.3,4435.272435897436
Paraguay,2009,50000.0,215000.0,4300.0,4300.0
Peru,2009,404614.0,2991157.0,7392.6,7392.618643942128
Suriname,2009,54492.0,229370.0,4209.2,4209.2417235557505
Uruguay,2009,160700.0,1287200.0,8010.0,8009.956440572495
Venezuela (Bolivarian Republic of),2009,229617.0,1100511.0,4792.8,4792.811507858739
Argentina,2010,215670.0,1243259.0,5764.6,5764.635786154773
Bolivia (Plurinational State of),2010,194237.0,442017.0,2275.7,2275.658087799956
Brazil,2010,2722459.0,11235986.0,4127.1,4127.146083742676
Chile,2010,24527.0,94672.5,3859.9,3859.9298732009624
Colombia,2010,482297.0,1988191.0,4122.3,4122.337480846864
Ecuador,2010,393100.0,1369100.0,3482.8,3482.828796743831
Guyana,2010,131400.0,556193.0,4232.8,4232.823439878234
Paraguay,2010,59476.0,315213.0,5299.8,5299.835227654852
Peru,2010,388659.0,2831374.0,7285.0,7284.982465348801
Suriname,2010,53553.0,226686.0,4232.9,4232.9281272757835
Uruguay,2010,161900.0,1148738.0,7095.4,7095.355157504632
Venezuela (Bolivarian Republic of),2010,180455.0,899584.0,4985.1,4985.087694993212
Argentina,2011,257445.0,1748075.0,6790.1,6790.09108741673
Bolivia (Plurinational State of),2011,178273.0,428007.0,2400.9,2400.8515030318667
Brazil,2011,2752891.0,13476994.0,4895.6,4895.578502744932
Chile,2011,25121.0,130375.0,5189.9,5189.880976075793
Colombia,2011,507709.0,2009945.0,3958.9,3958.8524134888294
Ecuador,2011,330000.0,1185900.0,3593.6,3593.636363636364
Guyana,2011,140400.0,619198.0,4410.2,4410.242165242165
Paraguay,2011,78606.0,408246.0,5193.6,5193.573009693917
Peru,2011,359612.0,2624458.0,7298.0,7298.026762177014
Suriname,2011,56930.0,235298.0,4133.1,4133.11083787107
Uruguay,2011,196000.0,1643000.0,8382.7,8382.65306122449
Venezuela (Bolivarian Republic of),2011,189541.0,1018258.0,5372.2,5372.23081022048
Argentina,2012,235372.0,1567971.0,6661.7,6661.6717366551675
Bolivia (Plurinational State of),2012,157502.0,474664.2,3013.7,3013.7026831405315
Brazil,2012,2413288.0,11549881.0,4786.0,4785.9521946821105
Chile,2012,23991.0,149788.0,6243.5,6243.507982159977
Colombia,2012,481500.0,1945400.0,4040.3,4040.290758047767
Ecuador,2012,371200.0,1256200.0,3384.2,3384.1594827586205
Guyana,2012,143400.0,649320.0,4528.0,4528.033472803348
Paraguay,2012,80000.0,396000.0,4950.0,4950.0
Peru,2012,390919.0,3043330.45,7785.1,7785.066599474571
Suriname,2012,51379.0,224127.0,4362.2,4362.229704743183
Uruguay,2012,181371.0,1424000.0,7851.3,7851.310297677137
Venezuela (Bolivarian Republic of),2012,209493.0,1045878.0,4992.4,4992.424567885323
Argentina,2013,232700.0,1563450.0,6718.7,6718.736570691877
Bolivia (Plurinational State of),2013,166299.0,442911.67,2663.3,2663.34535986386
Brazil,2013,2353152.0,11782549.0,5007.1,5007.134685732159
Chile,2013,21000.0,130307.0,6205.1,6205.095238095238
Colombia,2013,531700.0,2044300.0,3844.8,3844.837314274967
Ecuador,2013,396800.0,1216300.0,3065.3,3065.272177419355
Guyana,2013,164800.0,823930.0,4999.6,4999.575242718446
Paraguay,2013,98000.0,617400.0,6300.0,6300.0
Peru,2013,395651.0,3050934.0,7711.2,7711.174747441558
Suriname,2013,58274.0,262029.0,4496.5,4496.499296427223
Uruguay,2013,172500.0,1359500.0,7881.2,7881.159420289855
Venezuela (Bolivarian Republic of),2013,214930.0,1084012.0,5043.6,5043.558367840692
Argentina,2014,243200.0,1581810.0,6504.2,6504.152960526316
Bolivia (Plurinational State of),2014,174925.0,484057.0,2767.2,2767.225953980277
Brazil,2014,2340878.0,12175602.0,5201.3,5201.2971201403925
Chile,2014,22398.0,134884.0,6022.1,6022.1448343602115
Colombia,2014,461300.0,1853500.0,4018.0,4017.9926295252544
Ecuador,2014,354100.0,1107300.0,3127.1,3127.0827449872913
Guyana,2014,185400.0,977300.0,5271.3,5271.305285868393
Paraguay,2014,120000.0,804000.0,6700.0,6700.0
Peru,2014,381368.0,2896613.0,7595.3,7595.322628012837
Suriname,2014,62211.0,275851.0,4434.1,4434.119367957435
Uruguay,2014,167400.0,1348300.0,8054.4,8054.360812425328
Venezuela (Bolivarian Republic of),2014,226597.0,1158056.0,5110.6,5110.641358888246
Argentina,2015,232590.0,1558100.0,6698.9,6698.912249021884
Bolivia (Plurinational State of),2015,166357.0,527341.0,3169.9,3169.935740606046
Brazil,2015,2138397.0,12301201.0,5752.5,5752.53379049821
Chile,2015,23714.0,163559.6,6897.2,6897.174664754997
Colombia,2015,506800.0,2093100.0,4130.0,4130.031570639306
Ecuador,2015,375100.0,1326200.0,3535.6,3535.5905091975474
Guyana,2015,191000.0,1058100.0,5539.8,5539.79057591623
Paraguay,2015,128000.0,857771.0,6701.3,6701.3359375
Peru,2015,399501.0,3151408.0,7888.4,7888.360730010688
Suriname,2015,59248.0,268447.07,4530.9,4530.905178233865
Uruguay,2015,160700.0,1396100.0,8687.6,8687.616677037959
Venezuela (Bolivarian Republic of),2015,169209.0,802015.0,4739.8,4739.789254708674
Argentina,2016,207740.0,1404980.0,6763.2,6763.165495330702
Bolivia (Plurinational State of),2016,163904.0,406954.0,2482.9,2482.880222569309
Brazil,2016,1943938.0,10622189.0,5464.3,5464.263263540298
Chile,2016,26540.0,174008.0,6556.4,6556.443104747551
Colombia,2016,610600.0,2645300.0,4332.3,4332.296102194562
Ecuador,2016,366200.0,1231300.0,3362.4,3362.370289459312
Guyana,2016,150200.0,822200.0,5474.0,5474.034620505992
Paraguay,2016,130000.0,858000.0,6600.0,6600.0
Peru,2016,414401.0,3190969.47,7700.2,7700.197320952411
Suriname,2016,62713.0,278077.0,4434.1,4434.12051727712
Uruguay,2016,161194.0,1304672.0,8093.8,8093.800017370373
Venezuela (Bolivarian Republic of),2016,126085.0,498469.42,3953.4,3953.4395050957687
Argentina,2017,204100.0,1328340.0,6508.3,6508.28025477707
Bolivia (Plurinational State of),2017,172824.0,478578.45,2769.2,2769.166608804333
Brazil,2017,2006202.0,12464766.0,6213.1,6213.1161268905125
Chile,2017,20937.0,127866.0,6107.2,6107.178678893824
Colombia,2017,662400.0,2703100.0,4080.8,4080.766908212561
Ecuador,2017,358100.0,1330500.0,3715.4,3715.4426137950295
Guyana,2017,173300.0,969400.0,5593.8,5593.768032313907
Paraguay,2017,140000.0,924000.0,6600.0,6600.0
Peru,2017,426253.0,3115544.0,7309.1,7309.142692250846
Suriname,2017,59304.0,289431.0,4880.5,4880.46337515176
Uruguay,2017,164457.0,1409582.0,8571.1,8571.128015225864
Venezuela (Bolivarian Republic of),2017,168659.0,588587.0,3489.8,3489.8048725534954
Argentina,2018,198170.0,1367968.0,6903.0,6903.002472624515
Bolivia (Plurinational State of),2018,169776.0,541157.0,3187.5,3187.4764395438697
Brazil,2018,1872155.0,11808412.0,6307.4,6307.3901466491825
Chile,2018,29522.0,192808.0,6531.0,6530.993835106023
Colombia,2018,590000.0,2591400.0,4392.2,4392.203389830509
Ecuador,2018,298300.0,1083300.0,3631.6,3631.5789473684213
Guyana,2018,167000.0,964000.0,5772.5,5772.455089820359
Paraguay,2018,142000.0,894600.0,6300.0,6300.0
Peru,2018,437938.0,3557899.99,8124.2,8124.209340134906
Suriname,2018,56248.0,273916.0,4869.8,4869.790925899587
Uruguay,2018,162400.0,1247000.0,7678.6,7678.571428571428
Venezuela (Bolivarian Republic of),2018,170654.0,490583.0,2874.7,2874.723123981858
Argentina,2019,183285.0,1189866.0,6491.9,6491.889680006548
Bolivia (Plurinational State of),2019,187281.0,600044.0,3204.0,3203.9769116995317
Brazil,2019,1710063.0,10368639.0,6063.3,6063.308193908646
Chile,2019,26242.0,174897.2,6664.8,6664.781647740264
Colombia,2019,591000.0,2639200.0,4465.7,4465.651438240271
Ecuador,2019,257300.0,882400.0,3429.5,3429.4597745821998
Guyana,2019,177800.0,1049900.0,5904.9,5904.949381327335
Paraguay,2019,162000.0,1069200.0,6600.0,6600.0
Peru,2019,414401.0,3190969.47,7700.2,7700.197320952411
Suriname,2019,60185.0,274266.0,4557.0,4557.0490986126115
Uruguay,2019,145000.0,1200000.0,8275.9,8275.862068965518
Venezuela (Bolivarian Republic of),2019,150251.0,516752.0,3439.3,3439.2583077650065
Argentina,2020,185300.0,1222910.0,6599.6,6599.622234214788
Bolivia (Plurinational State of),2020,176516.0,487427.0,2761.4,2761.3757393097508
Brazil,2020,1677705.0,11091011.0,6610.8,6610.823118486265
Chile,2020,26394.0,169697.0,6429.4,6429.377888914148
Colombia,2020,656000.0,3038500.0,4631.9,4631.859756097561
Ecuador,2020,312900.0,1072400.0,3427.3,3427.2930648769575
Guyana,2020,185500.0,1057600.0,5701.3,5701.347708894879
Paraguay,2020,180000.0,1187768.0,6598.7,6598.711111111111
Peru,2020,416910.0,3434199.0,8237.3,8237.267036050946
Suriname,2020,57838.0,249836.0,4319.6,4319.582281545005
Uruguay,2020,140300.0,1209000.0,8617.2,8617.248752672844
Venezuela (Bolivarian Republic of),2020,173347.0,704531.0,4064.3,4064.281470114857
Argentina,2021,199993.0,1453187.0,7266.2,7266.189316626082
Bolivia (Plurinational State of),2021,178744.0,550181.52,3078.0,3078.041892315267
Brazil,2021,1689190.0,11660605.0,6903.1,6903.074846524074
Chile,2021,22965.0,146085.1,6361.2,6361.206183322447
Colombia,2021,665200.0,2980400.0,4480.5,4480.457005411906
Ecuador,2021,340300.0,1207000.0,3546.9,3546.870408463121
Guyana,2021,155800.0,860000.0,5519.9,5519.8973042362
Paraguay,2021,178000.0,1180600.0,6632.6,6632.584269662921
Peru,2021,425109.0,3538443.59,8323.6,8323.614861129734
Suriname,2021,56861.0,263749.0,4638.5,4638.486836320149
Uruguay,2021,139300.0,1309000.0,9397.0,9396.984924623115
Venezuela (Bolivarian Republic of),2021,167767.0,717000.0,4273.8,4273.784474896732
Argentina,2022,186070.0,1222426.0,6569.7,6569.710324071586
Bolivia (Plurinational State of),2022,203217.0,608680.66,2995.2,2995.22510419896
Brazil,2022,1623420.0,10776268.0,6638.0,6638.003720540588
Chile,2022,20712.0,100557.0,4855.0,4855.0115874855155
Colombia,2022,563300.0,2608500.0,4630.7,4630.747381501864
Ecuador,2022,337800.0,1252800.0,3708.7,3708.703374777975
Guyana,2022,154200.0,929600.0,6028.5,6028.5343709468225
Paraguay,2022,205744.0,975069.0,4739.2,4739.234193949763
Peru,2022,413108.0,3439013.38,8324.7,8324.73198291972
Suriname,2022,48960.0,184235.0,3763.0,3762.96977124183
Uruguay,2022,152100.0,1397900.0,9190.7,9190.664036817883
Venezuela (Bolivarian Republic of),2022,235306.0,729000.0,3098.1,3098.093546275913
Argentina,2023,173002.0,1163209.0,6723.7,6723.673714754742
Bolivia (Plurinational State of),2023,208226.0,698543.58,3354.7,3354.7375447830723
Brazil,2023,1482748.0,10285663.0,6936.9,6936.892175878842
Chile,2023,17945.0,109232.5,6087.1,6087.0716076901645
Colombia,2023,667500.0,3006100.0,4503.5,4503.520599250936
Ecuador,2023,343050.0,1313000.0,3827.4,3827.4304037312345
Guyana,2023,162801.0,995000.0,6111.8,6111.756070294408
Paraguay,2023,170100.0,978450.0,5752.2,5752.204585537918
Peru,2023,417103.0,3367614.31,8073.8,8073.819440282136
Suriname,2023,49808.0,203155.93,4078.8,4078.781119498876
Uruguay,2023,147000.0,1372700.0,9338.1,9338.095238095239
Venezuela (Bolivarian Republic of),2023,192541.0,722370.07,3751.8,3751.772713344171
